AD001 Mr_Anonymous cicada3301@onion.tor abc 202cb962ac59075b964b07152d234b70 
AD002 Kai_Zhe kaizhesupra@gmail.com kaizhe e10adc3949ba59abbe56e057f20f883e 
AD003 Brandon_Ban bbkx226@gmail.com bbkx a3644ef6cc749b7101e2beff5bb8e145 
ST001 Brandon_Ban_Kai_Xian tp067094@mail.apu.edu.my brandon Male 2022-01-02?18:03 202cb962ac59075b964b07152d234b70 0123456789 021103-01-9999
ST002 Benjamin_Han_Jia_Shen benjamin123@yahoo.com benjamin Male 2023-06-03?17:27 202cb962ac59075b964b07152d234b70 0198765432 010101-01-0101
ST003 Yong_Jun_Fai junfai123@hotmail.com junfai Female 2023-06-03?17:26 202cb962ac59075b964b07152d234b70 0123495798 58281963
ST004 Ang_Xu_Tian xutian123@gmail.com xutian Others 2022-04-09?10:12 202cb962ac59075b964b07152d234b70 0182759381 795824723987
ST005 Lo_Sau_Kang saukang123@ymail.com saukang Female 2022-06-11?12:15 202cb962ac59075b964b07152d234b70 0188888888 TF0394851
ST006 Chai_Hong_Jie hongjie123@outlook.com hongjie Male 2022-07-28?17:10 202cb962ac59075b964b07152d234b70 01111111111 GT02440918
ST007 They_Kai_Zhe abc@gmail.com hello Male 2022-08-22?14:14 202cb962ac59075b964b07152d234b70 0123456789 754398-48-3459
ST008 Yipie ahd@mail.co ahd@mail.co Male 2022-10-11?11:11 202cb962ac59075b964b07152d234b70 0123456789 123123-12-1231
ST009 Axcell_Ling_Hua_Jia axcell123@gmail.com axcell123 Male 2022-11-08?14:22 202cb962ac59075b964b07152d234b70 0192380345 GF012931
ST010 Apple abc@hotmail.com apple Male 2022-11-08?14:22 202cb962ac59075b964b07152d234b70 011213454 0324985729038475
ST011 They_Kai_Zhe tkz@mail.apu.edu.my theykaizhe Male 2023-01-09?11:18 202cb962ac59075b964b07152d234b70 0129876543 091348759093845
ST012 Usman_Hashmi usman123@gmail.com usman Male 2023-06-03?17:26 202cb962ac59075b964b07152d234b70 0162234567 090990-01-1234
